{"emotion": {"probabilities": {"Sad": 0.16293158628857266, "Bored": 0.03968757405188895, "Angry": 0.6282930321849958, "Fear": 0.09678019295320901, "Happy": 0.042236846978348175, "Excited": 0.030070767542985464}, "emotion": "Angry"}, "code": 200}