{"emotion": {"probabilities": {"Sad": 0.126562830764605, "Bored": 0.06757185573901761, "Angry": 0.4323323320525518, "Fear": 0.14595784097679992, "Happy": 0.11370205280097559, "Excited": 0.11387308766604996}, "emotion": "Angry"}, "code": 200}