{"emotion": {"probabilities": {"Sad": 0.31498272623987533, "Bored": 0.08842695726727394, "Angry": 0.20005846937493868, "Fear": 0.20057904636696566, "Happy": 0.11253395690683929, "Excited": 0.083418843844107}, "emotion": "Sad"}, "code": 200}