{"emotion": {"probabilities": {"Sad": 0.16109390695867462, "Bored": 0.021626333722157012, "Angry": 0.7231381192346419, "Fear": 0.07630473559386476, "Happy": 0.00723546347562668, "Excited": 0.010601441015035185}, "emotion": "Angry"}, "code": 200}