{"emotion": {"probabilities": {"Sad": 0.3917660462040751, "Bored": 0.10921724379702484, "Angry": 0.23185140997112397, "Fear": 0.1990398268981433, "Happy": 0.0402784496091343, "Excited": 0.027847023520498615}, "emotion": "Sad"}, "code": 200}