{"emotion": {"probabilities": {"Sad": 0.15591888151362382, "Bored": 0.11534242758029699, "Angry": 0.10236469331295259, "Fear": 0.4448996968417843, "Happy": 0.06244802643171448, "Excited": 0.11902627431962778}, "emotion": "Fear"}, "code": 200}