{"emotion": {"probabilities": {"Sad": 0.17139542531998966, "Bored": 0.05494158120798175, "Angry": 0.31166231373196235, "Fear": 0.13172025080970945, "Happy": 0.17156574311037773, "Excited": 0.15871468581997894}, "emotion": "Angry"}, "code": 200}