{"emotion": {"probabilities": {"Sad": 0.15246404612377418, "Bored": 0.15797499906681958, "Angry": 0.2597076128133057, "Fear": 0.32805122680970455, "Happy": 0.028473792987242483, "Excited": 0.0733283221991534}, "emotion": "Fear"}, "code": 200}