{"emotion": {"probabilities": {"Sad": 0.11547164561086203, "Bored": 0.025847875525366066, "Angry": 0.49220799077273336, "Fear": 0.14597379778720354, "Happy": 0.11799296928306661, "Excited": 0.10250572102076835}, "emotion": "Angry"}, "code": 200}