{"emotion": {"probabilities": {"Sad": 0.33169870713421423, "Bored": 0.032292705068248204, "Angry": 0.4200521480227538, "Fear": 0.17021764323179087, "Happy": 0.015577507302609562, "Excited": 0.03016128924038319}, "emotion": "Angry"}, "code": 200}