{"emotion": {"probabilities": {"Sad": 0.14922212131492024, "Bored": 0.0763546521925116, "Angry": 0.2673589807658698, "Fear": 0.17957267548521655, "Happy": 0.22035496106848548, "Excited": 0.10713660917299644}, "emotion": "Angry"}, "code": 200}