{"emotion": {"probabilities": {"Sad": 0.61346429684532, "Bored": 0.049391341303388916, "Angry": 0.0629324210606107, "Fear": 0.15520314456985626, "Happy": 0.04576631611630809, "Excited": 0.07324248010451612}, "emotion": "Sad"}, "code": 200}