{"emotion": {"probabilities": {"Sad": 0.6124095276823617, "Bored": 0.028405390801374695, "Angry": 0.10434622968635364, "Fear": 0.1873933976872785, "Happy": 0.042060334391233314, "Excited": 0.025385119751398177}, "emotion": "Sad"}, "code": 200}