{"emotion": {"probabilities": {"Sad": 0.24466243962765982, "Bored": 0.1285125046424201, "Angry": 0.1155740011197966, "Fear": 0.39467681942459726, "Happy": 0.02811297711148983, "Excited": 0.08846125807403656}, "emotion": "Fear"}, "code": 200}