{"emotion": {"probabilities": {"Sad": 0.1335830187304086, "Bored": 0.12892780271130622, "Angry": 0.15602538648944295, "Fear": 0.23095121805017066, "Happy": 0.1439011042514467, "Excited": 0.20661146976722478}, "emotion": "Fear"}, "code": 200}