{"emotion": {"probabilities": {"Sad": 0.15384489178559058, "Bored": 0.06104175872941875, "Angry": 0.602452074487836, "Fear": 0.1155752736825603, "Happy": 0.02246440575334471, "Excited": 0.04462159556124954}, "emotion": "Angry"}, "code": 200}