{"emotion": {"probabilities": {"Sad": 0.12063651747126804, "Bored": 0.027778845999143244, "Angry": 0.6841294366660842, "Fear": 0.10209314661920812, "Happy": 0.01896652139217637, "Excited": 0.046395531852120024}, "emotion": "Angry"}, "code": 200}