{"emotion": {"probabilities": {"Sad": 0.31069067830016955, "Bored": 0.035964693657991625, "Angry": 0.5250376928903203, "Fear": 0.11450968656475795, "Happy": 0.006237142885640347, "Excited": 0.0075601057011198975}, "emotion": "Angry"}, "code": 200}