{"emotion": {"probabilities": {"Sad": 0.15011915656981606, "Bored": 0.08643880329832532, "Angry": 0.52299158306477, "Fear": 0.14821491357666536, "Happy": 0.06046426696333986, "Excited": 0.03177127652708338}, "emotion": "Angry"}, "code": 200}