{"emotion": {"probabilities": {"Sad": 0.5296672269054609, "Bored": 0.05387608652265358, "Angry": 0.12373711789022548, "Fear": 0.23191286784392506, "Happy": 0.028270706820405615, "Excited": 0.03253599401732945}, "emotion": "Sad"}, "code": 200}