{"emotion": {"probabilities": {"Sad": 0.1645696656877719, "Bored": 0.07920603975317476, "Angry": 0.36956028797765295, "Fear": 0.09921859618048037, "Happy": 0.22586267937000182, "Excited": 0.061582731030918055}, "emotion": "Angry"}, "code": 200}