{"emotion": {"probabilities": {"Sad": 0.3865246910065885, "Bored": 0.03757039401263453, "Angry": 0.16022755143957215, "Fear": 0.17548850856350195, "Happy": 0.1396781721240848, "Excited": 0.1005106828536183}, "emotion": "Sad"}, "code": 200}