{"emotion": {"probabilities": {"Sad": 0.0994589617620933, "Bored": 0.16313392994624398, "Angry": 0.24207545216081255, "Fear": 0.10125766346071506, "Happy": 0.1702454106215384, "Excited": 0.2238285820485967}, "emotion": "Angry"}, "code": 200}