{"emotion": {"probabilities": {"Sad": 0.2768499045861757, "Bored": 0.028490934901337882, "Angry": 0.44952462690914285, "Fear": 0.21291588897067845, "Happy": 0.017161251425720857, "Excited": 0.015057393206944287}, "emotion": "Angry"}, "code": 200}