{"emotion": {"probabilities": {"Sad": 0.09679424643655171, "Bored": 0.15355855266259966, "Angry": 0.23185551672684773, "Fear": 0.18381070864038576, "Happy": 0.1781164419883288, "Excited": 0.1558645335452862}, "emotion": "Angry"}, "code": 200}