{"emotion": {"probabilities": {"Sad": 0.0443359309629534, "Bored": 0.46208603521195013, "Angry": 0.13421128511531222, "Fear": 0.2698386533531768, "Happy": 0.045722646913021116, "Excited": 0.04380544844358638}, "emotion": "Bored"}, "code": 200}