{"emotion": {"probabilities": {"Sad": 0.31789655593834426, "Bored": 0.08844415969265551, "Angry": 0.3098783371554348, "Fear": 0.13931079906146646, "Happy": 0.050814005141025895, "Excited": 0.09365614301107321}, "emotion": "Sad"}, "code": 200}