{"emotion": {"probabilities": {"Sad": 0.23664728144048255, "Bored": 0.0962720158726564, "Angry": 0.09407144941847288, "Fear": 0.46220754754163346, "Happy": 0.042633912373816474, "Excited": 0.06816779335293802}, "emotion": "Fear"}, "code": 200}