{"emotion": {"probabilities": {"Sad": 0.07675678010952555, "Bored": 0.057534030706102426, "Angry": 0.4223429190991621, "Fear": 0.08214055137831508, "Happy": 0.2132880220075956, "Excited": 0.14793769669929913}, "emotion": "Angry"}, "code": 200}