{"emotion": {"probabilities": {"Sad": 0.09843058795221868, "Bored": 0.15655408554805825, "Angry": 0.283390348596497, "Fear": 0.08935879132859512, "Happy": 0.22546320849377652, "Excited": 0.14680297808085457}, "emotion": "Angry"}, "code": 200}